<?xml version="1.0" encoding="UTF-8"?>
<!DOCTYPE configuration
	PUBLIC "-//mybatis.org//DTD Config 3.0//EN"
	"http://mybatis.org/dtd/mybatis-3-config.dtd">
<configuration>
	<!-- myBatis 활동방식 설정 -->
	<settings>
		<setting name="cacheEnabled" value="false" />
		<setting name="useGeneratedKeys" value="true" />
		<setting name="defaultExecutorType" value="REUSE" />
	</settings>

	<typeAliases>
		<typeAlias alias="mVO" type="com.human.mis.vo.MemberVO"/>
		<typeAlias alias="rVO" type="com.human.mis.vo.ReboardVO"/>
		<typeAlias alias="pVO" type="com.human.mis.vo.ParkVO"/>
		<typeAlias alias="kVO" type="com.human.mis.vo.KpredVO"/>
		<typeAlias alias="page" type="com.human.mis.util.PageUtil"/>
		<typeAlias alias="rtVO" type="com.human.mis.vo.RealTimeVO"/>
	</typeAliases>
	
</configuration>