<?xml version="1.0" encoding="UTF-8"?>
<beans:beans
	xmlns="http://www.springframework.org/schema/mvc"
	xmlns:beans="http://www.springframework.org/schema/beans"
	xmlns:xsi="http://www.w3.org/2001/XMLSchema-instance"
	xmlns:context="http://www.springframework.org/schema/context"
	xmlns:aop="http://www.springframework.org/schema/aop"
	xmlns:tx="http://www.springframework.org/schema/tx"
	xsi:schemaLocation="http://www.springframework.org/schema/mvc
						https://www.springframework.org/schema/mvc/spring-mvc.xsd
						http://www.springframework.org/schema/beans
						https://www.springframework.org/schema/beans/spring-beans.xsd
						http://www.springframework.org/schema/context
						https://www.springframework.org/schema/context/spring-context-4.3.xsd
						http://www.springframework.org/schema/aop
						https://www.springframework.org/schema/aop/spring-aop-4.3.xsd
						http://www.springframework.org/schema/tx
						https://www.springframework.org/schema/tx/spring-tx-4.3.xsd">
	<annotation-driven />
	<aop:aspectj-autoproxy />
	
	<!-- 파일 업로드를 위한 뷰 서블릿 설정 -->
	<beans:bean id="multipartResolver"
				class="org.springframework.web.multipart.commons.CommonsMultipartResolver">
		<beans:property name="maxUploadSize" value="50000000" />
		<beans:property name="maxInMemorySize" value="50000000" />
		<beans:property name="defaultEncoding" value="UTF-8" />
	</beans:bean>
	
	<beans:bean class="org.springframework.web.servlet.view.InternalResourceViewResolver">
		<beans:property name="prefix" value="/WEB-INF/views/"/>
		<beans:property name="suffix" value=".jsp"/>
	</beans:bean>
	
	<beans:import resource="daoContext.xml"/>
	
	<context:component-scan base-package="com.human.boo" />
</beans:beans>