<?xml version="1.0" encoding="UTF-8"?>
<beans:beans 
	xmlns="http://www.springframework.org/schema/mvc"
	xmlns:xsi="http://www.w3.org/2001/XMLSchema-instance"
	xmlns:beans="http://www.springframework.org/schema/beans"
	xsi:schemaLocation="http://www.springframework.org/schema/mvc 
						https://www.springframework.org/schema/mvc/spring-mvc.xsd
						http://www.springframework.org/schema/beans 
						https://www.springframework.org/schema/beans/spring-beans.xsd">
	
	<beans:bean id="logoutCheck" class="com.human.mis.service.LogoutCheckInterceptor" />
	<beans:bean id="loginCheck" class="com.human.mis.service.LoginCheckInterceptor" />

	
	<!-- 인터셉터 설정 -->
	<interceptors>
		<!-- 로그아웃 체크 -->
		<interceptor>
			<mapping path="/member/*.mis"/>
			<exclude-mapping path="/member/idCheck.mis"/>
			<exclude-mapping path="/member/logout.mis"/>
			<exclude-mapping path="/member/mypage.mis"/>
			<beans:ref bean="logoutCheck"/>
		</interceptor>

		<!-- 로그인 체크 -->
		<interceptor>
			<mapping path="/member/*.mis"/>
			<exclude-mapping path="/member/idCheck.mis"/>
			<exclude-mapping path="/member/login.mis"/>
			<exclude-mapping path="/member/loginProc.mis"/>
			<exclude-mapping path="/member/join.mis"/>
			<exclude-mapping path="/member/joinProc.mis"/>
			<beans:ref bean="loginCheck" />
		</interceptor>
	</interceptors>
	
</beans:beans>
