<?xml version="1.0" encoding="UTF-8"?>
<beans:beans 
	xmlns="http://www.springframework.org/schema/mvc"
	xmlns:xsi="http://www.w3.org/2001/XMLSchema-instance"
	xmlns:beans="http://www.springframework.org/schema/beans"
	xmlns:context="http://www.springframework.org/schema/context"
	xmlns:aop="http://www.springframework.org/schema/aop"
	xmlns:tx="http://www.springframework.org/schema/tx"
	xsi:schemaLocation="http://www.springframework.org/schema/mvc 
						https://www.springframework.org/schema/mvc/spring-mvc.xsd
						http://www.springframework.org/schema/beans 
						https://www.springframework.org/schema/beans/spring-beans.xsd
						http://www.springframework.org/schema/context 
						https://www.springframework.org/schema/context/spring-context.xsd
						http://www.springframework.org/schema/aop 
						https://www.springframework.org/schema/aop/spring-aop-4.3.xsd
						http://www.springframework.org/schema/tx 
						https://www.springframework.org/schema/tx/spring-tx-4.3.xsd">

	<!-- DispatcherServlet Context: defines this servlet's request-processing infrastructure -->
	
	<!-- Enables the Spring MVC @Controller programming model -->
	<annotation-driven />
	<!-- aop 설정 추가 -->
	<aop:aspectj-autoproxy />

	<!-- Resolves views selected for rendering by @Controllers to .jsp resources in the /WEB-INF/views directory -->
	<beans:bean class="org.springframework.web.servlet.view.InternalResourceViewResolver">
		<beans:property name="prefix" value="/WEB-INF/views/" />
		<beans:property name="suffix" value=".jsp" />
	</beans:bean>
	
	<!-- 파일 업로드를 위한 뷰 서블릿 설정 -->
	<beans:bean id="multipartResolver"
				class="org.springframework.web.multipart.commons.CommonsMultipartResolver">
		<beans:property name="maxUploadSize" value="50000000" />
		<beans:property name="maxInMemorySize" value="50000000" />
		<beans:property name="defaultEncoding" value="UTF-8" />
	</beans:bean>
	
	<beans:bean id="colorList" class="com.human.mis.util.ColorList" />

	<!-- 
	<beans:bean id="cList" class="com.human.cafe.util.ColorList">
		<beans:qualifier value="w3color" />
	</beans:bean> 
	-->

	
	<!--  빈처리 설정파일 가져오기 -->
	<beans:import resource="daoContext.xml"/>
	<beans:import resource="interceptor-context.xml"/>
	<beans:import resource="scheduler-context.xml"/>
	
	<context:component-scan base-package="com.human.mis" />
	
</beans:beans>