<?xml version="1.0" encoding="UTF-8"?>
<beans
	xmlns="http://www.springframework.org/schema/beans"
	xmlns:xsi="http://www.w3.org/2001/XMLSchema-instance"
	xmlns:batch="http://www.springframework.org/schema/batch"
	xmlns:p="http://www.springframework.org/schema/p"
	xmlns:context="http://www.springframework.org/schema/context"
	xsi:schemaLocation="http://www.springframework.org/schema/beans
						https://www.springframework.org/schema/beans/spring-beans.xsd
						http://www.springframework.org/schema/batch
						https://www.springframework.org/schema/batch/spring-batch.xsd
						http://www.springframework.org/schema/context
						https://www.springframework.org/schema/context/spring-context.xsd">
	
	<!-- 
	<bean id="salEditTask" class="com.human.son.scheduler.EmpEdit" />
	<bean id="salEditJob" class="org.springframework.scheduling.quartz.JobDetailFactoryBean"
			p:jobClass="com.human.son.scheduler.EmpEditJob"
			p:durability="true">
		<property name="jobDataAsMap">
			<map>
				<entry key="eEdit" value-ref="salEditTask" />
			</map>
		</property>
	</bean>
	
	<bean id="cronTrigger" class="org.springframework.scheduling.quartz.CronTriggerFactoryBean"
		p:jobDetail-ref="salEditJob"
		p:startDelay="1000"
		p:cronExpression="0 5/3 10 13 5 ?">
	</bean>
	
	<bean id="schedulerFactoryBean" class="org.springframework.scheduling.quartz.SchedulerFactoryBean">
		<property name="triggers">
			<list>
				<ref bean="cronTrigger" />
			</list>
		</property>
	</bean>
	 -->
	 
</beans>