<?xml version="1.0" encoding="UTF-8"?>
<!DOCTYPE mapper
	PUBLIC "-//mybatis.org//DTD Mapper 3.0//EN"
	"http://mybatis.org/dtd/mybatis-3-mapper.dtd">
<mapper namespace="rSQL">
	
	<!-- 총 게시글 수 조회  -->
	<select id="getTotal" resultType="int">
		SELECT
		    COUNT(*)
		FROM
		    reboard
		WHERE
		    reisshow = 'Y'
	</select>
	
	<!-- 게시글 리스트 조회 -->
	<select id="getList" resultType="rVO" parameterType="page">
		SELECT
		    rno, bno, id, body, wdate, goods, upno, regroup, "level", savename
		FROM
		    (
		        SELECT
		            ROWNUM rno, bno, id, body, wdate, goods, upno, regroup, "level", savename
		        FROM
		            (
		                SELECT
		                    rebno bno, writer id, body, wdate, goods, reupno upno,
		                    regroup, relevel "level", filename savename
		                FROM
		                    reboard, member, avatar
		                WHERE
		                    writer = id
		                    AND avatar = ano
		                    AND reisshow = 'Y'
		                ORDER BY
		                    regroup DESC, upno
		            )
		    )
		WHERE
		    rno BETWEEN #{startRno} AND #{endRno}
	</select>
	
	<!-- 상위글 정보조회 질의명령 -->
	<select id="upContent" resultType="rVO" parameterType="int">
		SELECT
			rebno bno, reupno upno, regroup, relevel "level"
		FROM
			reboard
		WHERE
			rebno = #{bno}
	</select>
	
	<!-- 게시글 입력 질의명령 -->
	<insert id="addBoard" parameterType="rVO">
		<selectKey keyProperty="bno" resultType="int" order="BEFORE">
			SELECT rebrdSeq.NEXTVAL FROM dual
		</selectKey>
		INSERT INTO
		    reboard(
		    	rebno, writer, body, reupno, regroup, relevel
		    )
		VALUES(
		    #{bno}, #{id}, #{body}, 
		    <if test="upno neq null">
			    #{upno}|| '#' || #{bno}, 
		    </if>
		    <if test="upno eq null">
			    '#' || #{bno}, 
		    </if>
			<if test="regroup eq 0">
			    #{bno},
			</if>
			<if test="regroup neq 0">
			    #{regroup},
			</if>
			    #{level} + 1
		)
	</insert>
	
	<!-- 댓글 입력 질의명령 -->
	<insert id="addReborad" parameterType="rVO">
		<selectKey keyProperty="bno" resultType="int" order="BEFORE">
			SELECT rebrdSeq.NEXTVAL FROM dual
		</selectKey>
		INSERT INTO
		    reboard(rebno, writer, body, reupno, regroup, relevel)
		select
		    #{bno}, #{id}, #{body}, reupno || '#' || #{bno}, regroup, relevel + 1
		from
		    reboard
		where
		    rebno = #{upBno}
	</insert>
	
	<!-- 게시글 삭제 질의명령 -->
	<update id="delReboard" parameterType="rVO">
		UPDATE
		    reboard
		SET
		    reisshow = 'N'
		WHERE
		    reupno LIKE '%' || '#' || #{bno} || '%'
	</update>
	
	<!-- 좋아요 수 증가 질의명령 -->
	<update id="addGood" parameterType="int">
		UPDATE
		    reboard
		SET
		    goods = goods + 1
		WHERE
		    rebno = #{bno}
	</update>
</mapper>