<?xml version="1.0" encoding="UTF-8"?>
<beans
	xmlns="http://www.springframework.org/schema/beans"
	xmlns:xsi="http://www.w3.org/2001/XMLSchema-instance"
	xmlns:context="http://www.springframework.org/schema/context"
	xmlns:tx="http://www.springframework.org/schema/tx"
	xsi:schemaLocation="http://www.springframework.org/schema/beans
						https://www.springframework.org/schema/beans/spring-beans.xsd
						http://www.springframework.org/schema/context
						https://www.springframework.org/schema/context/spring-context-4.3.xsd
						http://www.springframework.org/schema/tx
						https://www.springframework.org/schema/tx/spring-tx-4.3.xsd">
	<context:annotation-config />
	
	<bean id="dataSource" class="org.apache.commons.dbcp.BasicDataSource">
		<property name="driverClassName" value="oracle.jdbc.driver.OracleDriver" />
		<property name="url" value="jdbc:oracle:thin:@192.168.0.34:1521:xe" />
		<property name="username" value="mis" />
		<property name="password" value="12345" />
		<property name="maxActive" value="8" />
	</bean>
	
	<!-- myBatis 설정 -->
	<bean id="sqlSessionFactory" class="org.mybatis.spring.SqlSessionFactoryBean">
		<property name="dataSource" ref="dataSource" />
		<property name="configLocation" value="classpath:/resources/mybatis-config.xml" />
		<property name="mapperLocations" value="classpath:resources/mappers/**/*SQL.xml" />
	</bean>
	
	<bean id="sqlSession" class="org.mybatis.spring.SqlSessionTemplate">
		<constructor-arg index="0" ref="sqlSessionFactory"/>
	</bean>
	
	<tx:annotation-driven />
	<bean id="transactionManager"
		class="org.springframework.jdbc.datasource.DataSourceTransactionManager">
		<property name="dataSource" ref="dataSource" />	
	</bean>
</beans>